sample_id	subject_id	time_point	r1	r2
s11_1	s11	1	/lustre1/g/aos_shihuang/Strain2b/data/saliva_data/2bRAD/s11_1.BcgI.fq.gz	
s11_11	s11	11	/lustre1/g/aos_shihuang/Strain2b/data/saliva_data/2bRAD/s11_11.BcgI.fq.gz	
s11_12	s11	12	/lustre1/g/aos_shihuang/Strain2b/data/saliva_data/2bRAD/s11_12.BcgI.fq.gz	
s11_13	s11	13	/lustre1/g/aos_shihuang/Strain2b/data/saliva_data/2bRAD/s11_13.BcgI.fq.gz	
s11_14	s11	14	/lustre1/g/aos_shihuang/Strain2b/data/saliva_data/2bRAD/s11_14.BcgI.fq.gz	
s11_15	s11	15	/lustre1/g/aos_shihuang/Strain2b/data/saliva_data/2bRAD/s11_15.BcgI.fq.gz	
s11_16	s11	16	/lustre1/g/aos_shihuang/Strain2b/data/saliva_data/2bRAD/s11_16.BcgI.fq.gz	
s11_2	s11	2	/lustre1/g/aos_shihuang/Strain2b/data/saliva_data/2bRAD/s11_2.BcgI.fq.gz	
s11_3	s11	3	/lustre1/g/aos_shihuang/Strain2b/data/saliva_data/2bRAD/s11_3.BcgI.fq.gz	
s11_4	s11	4	/lustre1/g/aos_shihuang/Strain2b/data/saliva_data/2bRAD/s11_4.BcgI.fq.gz	
s11_5	s11	5	/lustre1/g/aos_shihuang/Strain2b/data/saliva_data/2bRAD/s11_5.BcgI.fq.gz	
s11_6	s11	6	/lustre1/g/aos_shihuang/Strain2b/data/saliva_data/2bRAD/s11_6.BcgI.fq.gz	
s11_7	s11	7	/lustre1/g/aos_shihuang/Strain2b/data/saliva_data/2bRAD/s11_7.BcgI.fq.gz	
s11_8	s11	8	/lustre1/g/aos_shihuang/Strain2b/data/saliva_data/2bRAD/s11_8.BcgI.fq.gz	
s11_9	s11	9	/lustre1/g/aos_shihuang/Strain2b/data/saliva_data/2bRAD/s11_9.BcgI.fq.gz	
s13_1	s13	1	/lustre1/g/aos_shihuang/Strain2b/data/saliva_data/2bRAD/s13_1.BcgI.fq.gz	
s13_10	s13	10	/lustre1/g/aos_shihuang/Strain2b/data/saliva_data/2bRAD/s13_10.BcgI.fq.gz	
s13_11	s13	11	/lustre1/g/aos_shihuang/Strain2b/data/saliva_data/2bRAD/s13_11.BcgI.fq.gz	
s13_12	s13	12	/lustre1/g/aos_shihuang/Strain2b/data/saliva_data/2bRAD/s13_12.BcgI.fq.gz	
s13_13	s13	13	/lustre1/g/aos_shihuang/Strain2b/data/saliva_data/2bRAD/s13_13.BcgI.fq.gz	
s13_14	s13	14	/lustre1/g/aos_shihuang/Strain2b/data/saliva_data/2bRAD/s13_14.BcgI.fq.gz	
s13_15	s13	15	/lustre1/g/aos_shihuang/Strain2b/data/saliva_data/2bRAD/s13_15.BcgI.fq.gz	
s13_16	s13	16	/lustre1/g/aos_shihuang/Strain2b/data/saliva_data/2bRAD/s13_16.BcgI.fq.gz	
s13_2	s13	2	/lustre1/g/aos_shihuang/Strain2b/data/saliva_data/2bRAD/s13_2.BcgI.fq.gz	
s13_3	s13	3	/lustre1/g/aos_shihuang/Strain2b/data/saliva_data/2bRAD/s13_3.BcgI.fq.gz	
s13_4	s13	4	/lustre1/g/aos_shihuang/Strain2b/data/saliva_data/2bRAD/s13_4.BcgI.fq.gz	
s13_5	s13	5	/lustre1/g/aos_shihuang/Strain2b/data/saliva_data/2bRAD/s13_5.BcgI.fq.gz	
s13_6	s13	6	/lustre1/g/aos_shihuang/Strain2b/data/saliva_data/2bRAD/s13_6.BcgI.fq.gz	
s13_7	s13	7	/lustre1/g/aos_shihuang/Strain2b/data/saliva_data/2bRAD/s13_7.BcgI.fq.gz	
s13_9	s13	9	/lustre1/g/aos_shihuang/Strain2b/data/saliva_data/2bRAD/s13_9.BcgI.fq.gz	
s17_1	s17	1	/lustre1/g/aos_shihuang/Strain2b/data/saliva_data/2bRAD/s17_1.BcgI.fq.gz	
s17_10	s17	10	/lustre1/g/aos_shihuang/Strain2b/data/saliva_data/2bRAD/s17_10.BcgI.fq.gz	
s17_11	s17	11	/lustre1/g/aos_shihuang/Strain2b/data/saliva_data/2bRAD/s17_11.BcgI.fq.gz	
s17_12	s17	12	/lustre1/g/aos_shihuang/Strain2b/data/saliva_data/2bRAD/s17_12.BcgI.fq.gz	
s17_13	s17	13	/lustre1/g/aos_shihuang/Strain2b/data/saliva_data/2bRAD/s17_13.BcgI.fq.gz	
s17_14	s17	14	/lustre1/g/aos_shihuang/Strain2b/data/saliva_data/2bRAD/s17_14.BcgI.fq.gz	
s17_15	s17	15	/lustre1/g/aos_shihuang/Strain2b/data/saliva_data/2bRAD/s17_15.BcgI.fq.gz	
s17_16	s17	16	/lustre1/g/aos_shihuang/Strain2b/data/saliva_data/2bRAD/s17_16.BcgI.fq.gz	
s17_2	s17	2	/lustre1/g/aos_shihuang/Strain2b/data/saliva_data/2bRAD/s17_2.BcgI.fq.gz	
s17_3	s17	3	/lustre1/g/aos_shihuang/Strain2b/data/saliva_data/2bRAD/s17_3.BcgI.fq.gz	
s17_4	s17	4	/lustre1/g/aos_shihuang/Strain2b/data/saliva_data/2bRAD/s17_4.BcgI.fq.gz	
s17_5	s17	5	/lustre1/g/aos_shihuang/Strain2b/data/saliva_data/2bRAD/s17_5.BcgI.fq.gz	
s17_6	s17	6	/lustre1/g/aos_shihuang/Strain2b/data/saliva_data/2bRAD/s17_6.BcgI.fq.gz	
s17_7	s17	7	/lustre1/g/aos_shihuang/Strain2b/data/saliva_data/2bRAD/s17_7.BcgI.fq.gz	
s17_9	s17	9	/lustre1/g/aos_shihuang/Strain2b/data/saliva_data/2bRAD/s17_9.BcgI.fq.gz	
s9_1	s9	1	/lustre1/g/aos_shihuang/Strain2b/data/saliva_data/2bRAD/s9_1.BcgI.fq.gz	
s9_10	s9	10	/lustre1/g/aos_shihuang/Strain2b/data/saliva_data/2bRAD/s9_10.BcgI.fq.gz	
s9_11	s9	11	/lustre1/g/aos_shihuang/Strain2b/data/saliva_data/2bRAD/s9_11.BcgI.fq.gz	
s9_12	s9	12	/lustre1/g/aos_shihuang/Strain2b/data/saliva_data/2bRAD/s9_12.BcgI.fq.gz	
s9_13	s9	13	/lustre1/g/aos_shihuang/Strain2b/data/saliva_data/2bRAD/s9_13.BcgI.fq.gz	
s9_14	s9	14	/lustre1/g/aos_shihuang/Strain2b/data/saliva_data/2bRAD/s9_14.BcgI.fq.gz	
s9_15	s9	15	/lustre1/g/aos_shihuang/Strain2b/data/saliva_data/2bRAD/s9_15.BcgI.fq.gz	
s9_16	s9	16	/lustre1/g/aos_shihuang/Strain2b/data/saliva_data/2bRAD/s9_16.BcgI.fq.gz	
s9_2	s9	2	/lustre1/g/aos_shihuang/Strain2b/data/saliva_data/2bRAD/s9_2.BcgI.fq.gz	
s9_3	s9	3	/lustre1/g/aos_shihuang/Strain2b/data/saliva_data/2bRAD/s9_3.BcgI.fq.gz	
s9_4	s9	4	/lustre1/g/aos_shihuang/Strain2b/data/saliva_data/2bRAD/s9_4.BcgI.fq.gz	
s9_5	s9	5	/lustre1/g/aos_shihuang/Strain2b/data/saliva_data/2bRAD/s9_5.BcgI.fq.gz	
s9_6	s9	6	/lustre1/g/aos_shihuang/Strain2b/data/saliva_data/2bRAD/s9_6.BcgI.fq.gz	
s9_7	s9	7	/lustre1/g/aos_shihuang/Strain2b/data/saliva_data/2bRAD/s9_7.BcgI.fq.gz	
s9_8	s9	8	/lustre1/g/aos_shihuang/Strain2b/data/saliva_data/2bRAD/s9_8.BcgI.fq.gz	
s9_9	s9	9	/lustre1/g/aos_shihuang/Strain2b/data/saliva_data/2bRAD/s9_9.BcgI.fq.gz	
